<?xml version="1.0" encoding="UTF-8"?>
<!DOCTYPE plist PUBLIC "-//Apple//DTD PLIST 1.0//EN" "http://www.apple.com/DTDs/PropertyList-1.0.dtd">
<plist version="1.0">
<dict>
	<key>PayloadContent</key>
	<array>
		<dict>
			<key>PayloadContent</key>
			<array>
				<dict>
					<key>DefaultsData</key>
					<dict>
						<key>apns</key>
						<array>
							<dict>
								<key>apn</key>
								<string>tracfone.vzwentp</string>
							</dict>
						</array>
					</dict>
					<key>DefaultsDomainName</key>
					<string>com.apple.managedCarrier</string>
				</dict>
			</array>
			<key>PayloadDescription</key>
			<string>Provides customization of carrier Access Point Name.</string>
			<key>PayloadDisplayName</key>
			<string>Advanced Settings</string>
			<key>PayloadIdentifier</key>
			<string>tracfone.vzwentp.apn1</string>
			<key>PayloadOrganization</key>
			<string>tracfone.vzwentp</string>
			<key>PayloadType</key>
			<string>com.apple.apn.managed</string>
			<key>PayloadUUID</key>
			<string>FFF92AA5-4A23-4F9B-9B32-39F798130B11</string>
			<key>PayloadVersion</key>
			<integer>1</integer>
		</dict>
	</array>
	<key>PayloadDescription</key>
	<string>tracfone.vzwentp
</string>
	<key>PayloadDisplayName</key>
	<string>tracfone.vzwentp</string>
	<key>PayloadIdentifier</key>
	<string>tracfone.vzwentp</string>
	<key>PayloadOrganization</key>
	<string>tracfone.vzwentp</string>
	<key>PayloadRemovalDisallowed</key>
	<false/>
	<key>PayloadType</key>
	<string>Configuration</string>
	<key>PayloadUUID</key>
	<string>5F9B1E41-C1A9-4124-BD8E-F846502E8C51</string>
	<key>PayloadVersion</key>
	<integer>1</integer>
</dict>
</plist>

